{"cameraMode":{"drawMode":0,"name":"Shaded","section":"Shading Mode"},"sceneLighting":false,"audioPlay":false,"sceneViewState":{"m_AlwaysRefresh":false,"showFog":true,"showSkybox":true,"showFlares":true,"showImageEffects":true,"showParticleSystems":true,"showVisualEffectGraphs":true,"m_FxEnabled":true},"in2DMode":false,"pivot":{"x":-0.3042273223400116,"y":1.1180304288864136,"z":0.5108996629714966},"rotation":{"x":-0.006282348185777664,"y":0.09345851838588715,"z":-0.0005898240488022566,"w":-0.995603621006012},"size":0.8657256960868836,"orthographic":false}