{"cameraMode":{"drawMode":0,"name":"Shaded","section":"Shading Mode"},"sceneLighting":true,"audioPlay":false,"sceneViewState":{"showFog":true,"showMaterialUpdate":false,"showSkybox":true,"showFlares":true,"showImageEffects":true,"showParticleSystems":true},"in2DMode":false,"pivot":{"x":-0.056598812341690066,"y":0.05362313985824585,"z":-0.016861319541931154},"rotation":{"x":-0.22673098742961884,"y":0.09391162544488907,"z":-0.021969959139823915,"w":-0.96917325258255},"size":0.7627152800559998,"orthographic":false}