{"cameraMode":{"drawMode":0,"name":"Shaded","section":"Shading Mode"},"sceneLighting":false,"audioPlay":false,"sceneViewState":{"showFog":true,"showMaterialUpdate":false,"showSkybox":false,"showFlares":true,"showImageEffects":true,"showParticleSystems":true},"in2DMode":false,"pivot":{"x":-0.25863784551620486,"y":-0.18129445612430573,"z":0.152387797832489},"rotation":{"x":-0.26560091972351076,"y":0.5065445899963379,"z":-0.16766148805618287,"w":-0.8029772043228149},"size":0.3247448801994324,"orthographic":false}