{"cameraMode":{"drawMode":0,"name":"Shaded","section":"Shading Mode"},"sceneLighting":true,"audioPlay":false,"sceneViewState":{"showFog":true,"showMaterialUpdate":false,"showSkybox":false,"showFlares":true,"showImageEffects":true,"showParticleSystems":true},"in2DMode":false,"pivot":{"x":-0.20020264387130738,"y":1.5983856916427613,"z":0.3386409282684326},"rotation":{"x":-0.1612543761730194,"y":0.02161925472319126,"z":-0.0035325351636856796,"w":-0.986674427986145},"size":1.626612663269043,"orthographic":false}