{"cameraMode":{"drawMode":0,"name":"Shaded","section":"Shading Mode"},"sceneLighting":true,"audioPlay":false,"sceneViewState":{"showFog":true,"showMaterialUpdate":false,"showSkybox":false,"showFlares":true,"showImageEffects":true,"showParticleSystems":true},"in2DMode":false,"pivot":{"x":0.005884408950805664,"y":1.5460641384124756,"z":-0.19312524795532227},"rotation":{"x":-0.20744307339191438,"y":-0.2194453328847885,"z":0.047717973589897159,"w":-0.9521362781524658},"size":1.3096144199371338,"orthographic":false}